/* Script para encher da base de datos do traballo tutelado BD(2019-2020)
	Opci칩n 1 : Xesti칩n de pandemias
	Autor: Miguel Blanco God칩n 78809752E 
	Grupo 2.4
*/

/* INSERCI칍N DE VALORES NAS T츼BOAS */

/* En "Centros sanitarios" */
INSERT INTO centros_sanitarios (id_centro, nome_centro, enderezo)
	VALUES (1, 'Hospital Cl칤nico Universitario', 'Santiago de Compostela');
INSERT INTO centros_sanitarios (id_centro, nome_centro, enderezo)
	VALUES (35, 'Complexo Hospitalario Universitario', 'A Coru침a');

/* En "Tipo material" */
INSERT INTO tipo_material (tipo, info) 
	VALUES ('Mascarillas', 'Parte fundamental dun EPI');
INSERT INTO tipo_material (tipo, info)
	VALUES ('Luvas', 'Parte fundamental dun EPI');
INSERT INTO tipo_material (tipo, info)
	VALUES ('Lentes', 'Parte fundamental dun EPI');
INSERT INTO tipo_material (tipo, info)
	VALUES ('Batas', 'Parte fundamental dun EPI');

/* En "Centros sanitarios - Tipo material" */
INSERT INTO centro_tipo (id_centro, tipo_mat, stock_minimo, stock_actual)
	VALUES (1, 'Mascarillas', 5000, 12468);
INSERT INTO centro_tipo (id_centro, tipo_mat, stock_minimo, stock_actual)
	VALUES (1, 'Luvas', 10000, 26752);
INSERT INTO centro_tipo (id_centro, tipo_mat, stock_minimo, stock_actual)
	VALUES (1, 'Lentes', 3000, 4527);
INSERT INTO centro_tipo (id_centro, tipo_mat, stock_minimo, stock_actual)
	VALUES (1, 'Batas', 3000, 5246);
INSERT INTO centro_tipo (id_centro, tipo_mat, stock_minimo, stock_actual)
	VALUES (35, 'Mascarillas', 7500, 9865);
INSERT INTO centro_tipo (id_centro, tipo_mat, stock_minimo, stock_actual)
	VALUES (35, 'Luvas', 15000, 34682);
INSERT INTO centro_tipo (id_centro, tipo_mat, stock_minimo, stock_actual)
	VALUES (35, 'Batas', 4500, 6843);
INSERT INTO centro_tipo (id_centro, tipo_mat, stock_minimo, stock_actual)
	VALUES (35, 'Lentes', 4500, 6138);

/* En "Pacientes" */
INSERT INTO pacientes (dni, nome, apelidos, sexo, data_nacemento, enderezo, data_rexistro) 
	VALUES ('11111111A', 'Alicia', '츼lvarez 츼vila', 'Muller', to_date('01-01-1991 00:00:00', 'dd-mm-yyyy hh24:mi:ss'), 'R/ Alexandre B칩veda N췈 1, A Coru침a', to_date('30-04-2020 00:00:00', 'dd-mm-yyyy hh24:mi:ss'));
INSERT INTO pacientes (dni, nome, apelidos, sexo, data_nacemento, enderezo, data_rexistro)
	VALUES ('22222222B', 'Bernardo', 'B칩sforo Bieito', 'Home', to_date('02-02-1992 00:00:00', 'dd-mm-yyyy hh24:mi:ss'), 'R/ Francis Bacon N췈 2, A Coru침a', to_date('22-04-2020 00:00:00', 'dd-mm-yyyy hh24:mi:ss'));
INSERT INTO pacientes (dni, nome, apelidos, sexo, data_nacemento, enderezo, data_rexistro)
	VALUES ('33333333C', 'Carla', 'Castro Cormelle', 'Muller', to_date('03-03-1993 00:00:00', 'dd-mm-yyyy hh24:mi:ss'), 'R/ Marie Curie N췈 2, Santiago de Compostela', to_date('29-04-2020 00:00:00', 'dd-mm-yy hh24:mi:ss'));

/* En "Sanitarios" */
INSERT INTO sanitarios (dni, nome, apelidos, sexo, data_nacemento, enderezo, categoria)
	VALUES ('12345678T', 'Margarita', 'Robles Conde', 'Muller', to_date('13-05-1975 00:00:00', 'dd-mm-yyyy hh24:mi:ss'), 'R/ Alexandre B칩veda N췈 9, A Coru침a', 'Enfermar칤a');
INSERT INTO sanitarios (dni, nome, apelidos, sexo, data_nacemento, enderezo, categoria)
	VALUES ('98765432Z', 'Jos칠 Lu칤s', 'L칩pez Barreiro', 'Home', to_date('06-11-1962 00:00:00', 'dd-mm-yyyy hh24:mi:ss'), 'R/ Rosal칤a de Castro N췈 3, Santiago de Compostela', 'Paramedicina');
INSERT INTO sanitarios (dni, nome, apelidos, sexo, data_nacemento, enderezo, categoria)
	VALUES ('46356167D', 'Mar칤a', 'Tu침as Dobarro', 'Muller', to_date('22-01-1984 00:00:00', 'dd-mm-yyyy hh24:mi:ss'), 'R/ Malcolm Gladwell N췈 2, Santiago de Compostela', 'Medicina');
INSERT INTO sanitarios (dni, nome, apelidos, sexo, data_nacemento, enderezo, categoria)
	VALUES ('98465167F', 'Faustino', 'L칩pez Cadea', 'Home', to_date('31-08-1959 00:00:00', 'dd-mm-yyyy hh24:mi:ss'), 'R/ P칤o Baroja N췈 1, Santiago de Compostela', 'Medicina');
INSERT INTO sanitarios (dni, nome, apelidos, sexo, data_nacemento, enderezo, categoria)
	VALUES ('79865132V', 'Herminio', 'Lamas Freire', 'Home', to_date('06-11-1956 00:00:00', 'dd-mm-yyyy hh24:mi:ss'), 'R/ Padre Sarmiento N췈 46, A Coru침a', 'Medicina');
INSERT INTO sanitarios (dni, nome, apelidos, sexo, data_nacemento, enderezo, categoria)
	VALUES ('61681664T', 'Ana Mar칤a', 'S치nchez Freije', 'Muller', to_date('19-09-1968 00:00:00', 'dd-mm-yyyy hh24:mi:ss'), 'R/ Leonardo da Vinci, A Coru침a', 'Medicina');
INSERT INTO sanitarios (dni, nome, apelidos, sexo, data_nacemento, enderezo, categoria)
	VALUES ('51681686P', 'Laura', 'Fern치ndez Vara', 'Muller', to_date('07-03-1985 00:00:00', 'dd-mm-yyyy hh24:mi:ss'), 'R/ Manuel Aza침a, A Coru침a', 'Paramedicina');
INSERT INTO sanitarios (dni, nome, apelidos, sexo, data_nacemento, enderezo, categoria)
	VALUES ('16843534R', 'Carlos', 'P칠rez Caama침o', 'Home', to_date('15-08-1991 00:00:00', 'dd-mm-yyyy hh24:mi:ss'), 'R/ Carl Freidich Gauss, Santiago de Compostela', 'Enfermar칤a');
INSERT INTO sanitarios (dni, nome, apelidos, sexo, data_nacemento, enderezo, categoria)
	VALUES ('24651384L', 'Antonia', 'Gonz치lez Garc칤a', 'Muller', to_date('09-04-1989 00:00:00', 'dd-mm-yyyy hh24:mi:ss'), 'R/ Che Guevara, A Coru침a', 'Medicina');

/* En "Tel칠fonos pacientes" */
INSERT INTO telefonos_pacientes (dni_paciente, tlf)
	VALUES ('11111111A', '611222333');
INSERT INTO telefonos_pacientes (dni_paciente, tlf)
	VALUES ('33333333C', '699888777');
INSERT INTO telefonos_pacientes (dni_paciente, tlf)
	VALUES ('33333333C', '688999777');

/* En "Tel칠fonos sanitarios" */
INSERT INTO telefonos_sanitarios (dni_sanitario, tlf)
	VALUES ('12345678T', '620940954');
INSERT INTO telefonos_sanitarios (dni_sanitario, tlf)
	VALUES ('12345678T', '765681513');
INSERT INTO telefonos_sanitarios (dni_sanitario, tlf)
	VALUES ('98765432Z', '684513518');

/* En "Revisi칩ns" */
INSERT INTO revisions (dni_paciente, data_hora, descricion, entrevista, feita, dni_sanitario)
	VALUES ('11111111A', to_date('30-04-2020 11:35:00', 'dd-mm-yyyy hh24:mi:ss'), 'Consulta inicial.', 'O paciente presenta a sintomalox칤a xeral.', 'Si', '79865132V');
INSERT INTO revisions (dni_paciente, data_hora, descricion, feita, dni_sanitario)
	VALUES ('11111111A', to_date('12-05-2020 10:25:00', 'dd-mm-yyyy hh24:mi:ss'), 'Primeira revisi칩n do paciente.', 'Non', '79865132V');
INSERT INTO revisions (dni_paciente, data_hora, descricion, feita, dni_sanitario)
	VALUES ('11111111A', to_date('19-05-2020 12:00:00', 'dd-mm-yyyy hh24:mi:ss'), 'Primeira revisi칩n do paciente.', 'Non', '61681664T');
INSERT INTO revisions (dni_paciente, data_hora, descricion, entrevista, feita, dni_sanitario)
	VALUES ('22222222B', to_date('22-04-2020 19:48:00', 'dd-mm-yyyy hh24:mi:ss'), 'Consulta inicial.', 'Positivo PCR. Asintom치tico.', 'Si', '24651384L');

/* En "Hist칩rico estados" */
INSERT INTO historico_estados (dni_paciente, data_hora_ini, estado, observacions, id_centro)
	VALUES ('11111111A', to_date('30-04-2020 11:30:00', 'dd-mm-yyyy hh24:mi:ss'), 'ENFERMO', 'Enfermo leve.', 1);
INSERT INTO historico_estados (dni_paciente, data_hora_ini, estado, observacions)
	VALUES ('22222222B', to_date('22-04-2020 19:40:00', 'dd-mm-yyyy hh24:mi:ss'), 'ENFERMO', 'Enfermo asintom치tico confinado na casa.');
INSERT INTO historico_estados (dni_paciente, data_hora_ini, estado, observacions, id_centro)
	VALUES ('33333333C', to_date('29-04-2020 00:00:00', 'dd-mm-yy hh24:mi:ss'), 'ENFERMO', 'Enfermo grave. Ingresado en UCI.', 35);

/* En "Exploracions" */
INSERT INTO exploracions (id_exploracion, nome, descricion) 
	VALUES (1, 'Toma de temperatura', 'Procedese a medir a temperatura do paciente.');
INSERT INTO exploracions (id_exploracion, nome, descricion) 
	VALUES (2, 'Proba de anticorpos PCR', 'Consiste en realizar un test de seroprevalencia do virus COVID-19 no paciente.');

/* En "Revisi칩ns e exploraci칩ns" */
INSERT INTO revisions_exploracions (dni_paciente, data_hora_ini, id_exploracion, resultado) 
	VALUES ('11111111A', to_date('30-04-2020 11:35:00', 'dd-mm-yyyy hh24:mi:ss'), 1, '37.5 죆');
INSERT INTO revisions_exploracions (dni_paciente, data_hora_ini, id_exploracion, resultado)
	VALUES ('22222222B', to_date('22-04-2020 19:48:00', 'dd-mm-yyyy hh24:mi:ss'), 1, '36.0 죆');
